customer_id,prediction_cutoff_week,outcome_window_start_week,outcome_window_end_week,will_churn_next_4_weeks,cancellation_week,synthetic_churn_propensity
C001,28,29,32,0,,0.026659
C002,28,29,32,1,30.0,0.950572
C003,28,29,32,1,32.0,0.99863
C004,28,29,32,0,,0.000287
C005,28,29,32,0,,0.373528
C006,28,29,32,0,,9.7e-05
C007,28,29,32,0,,0.058571
C008,28,29,32,1,29.0,0.734113
C009,28,29,32,0,,0.026646
C010,28,29,32,0,,0.566986
C011,28,29,32,0,,0.079161
C012,28,29,32,0,,0.015387
C013,28,29,32,0,,0.003052
C014,28,29,32,1,32.0,0.82161
C015,28,29,32,0,,0.443307
C016,28,29,32,0,,0.299508
C017,28,29,32,1,31.0,0.57769
C018,28,29,32,0,,0.050464
C019,28,29,32,1,30.0,0.754124
C020,28,29,32,0,,0.264383
C021,28,29,32,0,,0.110277
C022,28,29,32,0,,0.162129
C023,28,29,32,0,,0.141647
C024,28,29,32,0,,0.166293
C025,28,29,32,0,,0.008266
C026,28,29,32,0,,0.173014
C027,28,29,32,1,30.0,0.80716
C028,28,29,32,0,,0.000267
C029,28,29,32,0,,0.324213
C030,28,29,32,1,32.0,0.976745
C031,28,29,32,1,29.0,0.793676
C032,28,29,32,0,,0.008537
C033,28,29,32,1,31.0,0.547891
C034,28,29,32,1,30.0,0.879921
C035,28,29,32,1,31.0,0.563558
C036,28,29,32,0,,0.540162
C037,28,29,32,1,29.0,0.884022
C038,28,29,32,1,32.0,0.706363
C039,28,29,32,0,,0.027966
C040,28,29,32,0,,3.6e-05
C041,28,29,32,0,,0.689154
C042,28,29,32,1,30.0,0.384969
C043,28,29,32,1,30.0,0.953751
C044,28,29,32,1,29.0,0.854515
C045,28,29,32,0,,0.544982
C046,28,29,32,1,31.0,0.781332
C047,28,29,32,0,,0.178396
C048,28,29,32,0,,2e-05
C049,28,29,32,0,,9e-05
C050,28,29,32,0,,0.138844
C051,28,29,32,1,32.0,0.976026
C052,28,29,32,0,,0.174445
C053,28,29,32,1,32.0,0.361822
C054,28,29,32,0,,0.005102
C055,28,29,32,0,,0.000128
C056,28,29,32,1,32.0,0.352801
C057,28,29,32,0,,0.36824
C058,28,29,32,0,,0.613621
C059,28,29,32,1,31.0,0.655027
C060,28,29,32,1,30.0,0.194187
C061,28,29,32,0,,0.005084
C062,28,29,32,0,,0.410064
C063,28,29,32,0,,0.70782
C064,28,29,32,0,,0.014832
C065,28,29,32,1,32.0,0.728143
C066,28,29,32,0,,0.551238
C067,28,29,32,0,,0.076101
C068,28,29,32,0,,0.497269
C069,28,29,32,0,,0.033827
C070,28,29,32,1,29.0,0.911399
C071,28,29,32,1,32.0,0.985772
C072,28,29,32,1,30.0,0.564385
C073,28,29,32,0,,0.495347
C074,28,29,32,0,,0.071097
C075,28,29,32,0,,0.091494
C076,28,29,32,0,,0.001573
C077,28,29,32,0,,0.100985
C078,28,29,32,0,,0.000807
C079,28,29,32,1,29.0,0.719899
C080,28,29,32,1,30.0,0.365082
C081,28,29,32,0,,0.052516
C082,28,29,32,0,,0.669758
C083,28,29,32,1,29.0,0.587352
C084,28,29,32,0,,0.105409
C085,28,29,32,0,,0.015539
C086,28,29,32,0,,0.00073
C087,28,29,32,0,,0.107568
C088,28,29,32,1,32.0,0.658426
C089,28,29,32,0,,0.0077
C090,28,29,32,1,29.0,0.566514
C091,28,29,32,0,,0.068549
C092,28,29,32,0,,0.541508
C093,28,29,32,0,,0.155084
C094,28,29,32,1,29.0,0.925772
C095,28,29,32,1,29.0,0.932483
C096,28,29,32,1,29.0,0.796238
C097,28,29,32,0,,0.440332
C098,28,29,32,0,,0.019413
C099,28,29,32,0,,0.291021
C100,28,29,32,1,31.0,0.628733
C101,28,29,32,1,32.0,0.342006
C102,28,29,32,1,31.0,0.04691
C103,28,29,32,0,,0.001843
C104,28,29,32,1,30.0,0.546856
C105,28,29,32,0,,0.26649
C106,28,29,32,1,31.0,0.814377
C107,28,29,32,1,30.0,0.623703
C108,28,29,32,1,29.0,0.349454
C109,28,29,32,0,,0.000496
C110,28,29,32,0,,0.001958
C111,28,29,32,1,32.0,0.311109
C112,28,29,32,0,,0.009447
C113,28,29,32,1,29.0,0.973141
C114,28,29,32,1,32.0,0.895318
C115,28,29,32,1,29.0,0.460056
C116,28,29,32,1,30.0,0.230879
C117,28,29,32,1,31.0,0.370839
C118,28,29,32,1,29.0,0.958828
C119,28,29,32,0,,0.15164
C120,28,29,32,1,29.0,0.770614
C121,28,29,32,0,,0.667361
C122,28,29,32,0,,0.086639
C123,28,29,32,0,,0.009006
C124,28,29,32,0,,0.062486
C125,28,29,32,1,30.0,0.361674
C126,28,29,32,0,,0.304635
C127,28,29,32,1,31.0,0.95546
C128,28,29,32,1,32.0,0.336074
C129,28,29,32,0,,0.017985
C130,28,29,32,1,29.0,0.563629
C131,28,29,32,1,31.0,0.968307
C132,28,29,32,0,,0.007312
C133,28,29,32,1,29.0,0.626461
C134,28,29,32,1,31.0,0.919756
C135,28,29,32,0,,0.498832
C136,28,29,32,0,,0.008167
C137,28,29,32,0,,0.23121
C138,28,29,32,1,29.0,0.986533
C139,28,29,32,0,,0.405167
C140,28,29,32,1,29.0,0.625719
C141,28,29,32,1,30.0,0.510497
C142,28,29,32,0,,0.502234
C143,28,29,32,1,32.0,0.047303
C144,28,29,32,0,,0.425355
C145,28,29,32,1,31.0,0.833382
C146,28,29,32,0,,0.018167
C147,28,29,32,0,,0.451379
C148,28,29,32,1,30.0,0.746096
C149,28,29,32,1,32.0,0.69963
C150,28,29,32,0,,0.030308
C151,28,29,32,0,,0.38538
C152,28,29,32,0,,0.004453
C153,28,29,32,1,31.0,0.365606
C154,28,29,32,1,29.0,0.670156
C155,28,29,32,0,,0.010665
C156,28,29,32,0,,0.464523
C157,28,29,32,0,,0.012974
C158,28,29,32,0,,0.130285
C159,28,29,32,0,,0.016485
C160,28,29,32,0,,0.019565
C161,28,29,32,0,,0.126467
C162,28,29,32,0,,0.021079
C163,28,29,32,0,,0.023131
C164,28,29,32,1,29.0,0.97862
C165,28,29,32,0,,0.366922
C166,28,29,32,1,29.0,0.592395
C167,28,29,32,0,,0.602058
C168,28,29,32,0,,0.203781
C169,28,29,32,0,,0.561986
C170,28,29,32,1,32.0,0.849871
C171,28,29,32,1,29.0,0.902267
C172,28,29,32,1,29.0,0.858178
C173,28,29,32,0,,0.811136
C174,28,29,32,0,,0.077253
C175,28,29,32,0,,0.00045
C176,28,29,32,0,,0.005326
C177,28,29,32,1,29.0,0.695608
C178,28,29,32,0,,0.00891
C179,28,29,32,0,,0.021726
C180,28,29,32,0,,0.49815
C181,28,29,32,1,29.0,0.287898
C182,28,29,32,0,,0.093292
C183,28,29,32,0,,0.417628
C184,28,29,32,0,,0.54545
C185,28,29,32,0,,0.37045
C186,28,29,32,0,,0.753228
C187,28,29,32,0,,0.17976
C188,28,29,32,0,,0.055312
C189,28,29,32,1,30.0,0.604457
C190,28,29,32,1,30.0,0.092767
C191,28,29,32,0,,0.238989
C192,28,29,32,0,,0.003074
C193,28,29,32,0,,0.09653
C194,28,29,32,0,,0.694499
C195,28,29,32,0,,0.01361
C196,28,29,32,1,31.0,0.071905
C197,28,29,32,1,30.0,0.549955
C198,28,29,32,1,32.0,0.859016
C199,28,29,32,1,30.0,0.484297
C200,28,29,32,0,,0.218695
C201,28,29,32,0,,0.003848
C202,28,29,32,0,,0.003205
C203,28,29,32,1,30.0,0.83147
C204,28,29,32,0,,0.036285
C205,28,29,32,0,,0.00214
C206,28,29,32,0,,0.299528
C207,28,29,32,0,,0.039356
C208,28,29,32,0,,0.269101
C209,28,29,32,0,,0.004497
C210,28,29,32,0,,0.594618
C211,28,29,32,1,32.0,0.962058
C212,28,29,32,1,29.0,0.860755
C213,28,29,32,0,,0.117938
C214,28,29,32,0,,0.456831
C215,28,29,32,0,,0.226505
C216,28,29,32,1,31.0,0.900153
C217,28,29,32,0,,0.103434
C218,28,29,32,1,29.0,0.586736
C219,28,29,32,0,,0.175149
C220,28,29,32,1,32.0,0.87844
C221,28,29,32,0,,0.010495
C222,28,29,32,0,,0.517549
C223,28,29,32,0,,0.065249
C224,28,29,32,0,,0.055569
C225,28,29,32,0,,0.058137
C226,28,29,32,1,30.0,0.734625
C227,28,29,32,1,29.0,0.943072
C228,28,29,32,1,30.0,0.702692
C229,28,29,32,0,,0.609155
C230,28,29,32,1,29.0,0.889315
C231,28,29,32,0,,0.077353
C232,28,29,32,0,,0.555295
C233,28,29,32,0,,0.207859
C234,28,29,32,1,30.0,0.751194
C235,28,29,32,0,,0.042648
C236,28,29,32,1,29.0,0.982696
C237,28,29,32,1,32.0,0.71754
C238,28,29,32,0,,0.413524
C239,28,29,32,0,,0.092309
C240,28,29,32,0,,0.000336
C241,28,29,32,0,,0.511504
C242,28,29,32,0,,0.191717
C243,28,29,32,0,,0.000208
C244,28,29,32,0,,0.694504
C245,28,29,32,1,29.0,0.717453
C246,28,29,32,0,,0.428211
C247,28,29,32,0,,0.695031
C248,28,29,32,0,,0.286786
C249,28,29,32,0,,0.004202
C250,28,29,32,0,,0.348423
C251,28,29,32,0,,0.216183
C252,28,29,32,1,29.0,0.850179
C253,28,29,32,0,,0.097878
C254,28,29,32,1,30.0,0.88152
C255,28,29,32,0,,0.003266
C256,28,29,32,0,,0.344183
C257,28,29,32,1,32.0,0.379591
C258,28,29,32,0,,0.23555
C259,28,29,32,0,,0.073296
C260,28,29,32,1,30.0,0.648033
C261,28,29,32,1,30.0,0.06523
C262,28,29,32,1,31.0,0.618924
C263,28,29,32,1,32.0,0.62095
C264,28,29,32,0,,0.40455
C265,28,29,32,0,,0.096696
C266,28,29,32,0,,0.020136
C267,28,29,32,0,,0.104826
C268,28,29,32,1,31.0,0.993109
C269,28,29,32,0,,0.605832
C270,28,29,32,0,,0.059044
C271,28,29,32,0,,0.00091
C272,28,29,32,1,31.0,0.574645
C273,28,29,32,0,,0.228327
C274,28,29,32,1,31.0,0.800831
C275,28,29,32,0,,0.00789
C276,28,29,32,0,,0.007485
C277,28,29,32,0,,0.291726
C278,28,29,32,1,31.0,0.720906
C279,28,29,32,0,,0.66101
C280,28,29,32,1,31.0,0.727205
C281,28,29,32,0,,0.000284
C282,28,29,32,0,,0.004631
C283,28,29,32,1,32.0,0.287537
C284,28,29,32,0,,0.620067
C285,28,29,32,1,32.0,0.777605
C286,28,29,32,1,31.0,0.664964
C287,28,29,32,1,32.0,0.910685
C288,28,29,32,0,,0.621524
C289,28,29,32,0,,0.264512
C290,28,29,32,0,,0.890837
C291,28,29,32,0,,0.637666
C292,28,29,32,0,,0.032074
C293,28,29,32,0,,0.009137
C294,28,29,32,0,,0.091014
C295,28,29,32,1,29.0,0.529126
C296,28,29,32,0,,0.058013
C297,28,29,32,0,,0.026128
C298,28,29,32,0,,0.610382
C299,28,29,32,0,,0.061153
C300,28,29,32,0,,0.051745
