customer_id,churn_probability,risk_tier,cluster,segment,embedding_x,embedding_y
C001,0.08911952309435435,STABLE,4,Power Users,6.228145424004963,0.717378935403052
C002,0.9558988049774739,CRITICAL,2,Fading Engagement,0.32422730610104417,-3.1419329221504455
C003,0.9987006644050316,CRITICAL,0,Core Engaged,-1.0480452121227597,-6.044420714609937
C004,0.0013078686121947584,STABLE,1,Irregular Users,1.7850888209339035,3.7228091925062197
C005,0.33689625733370426,WATCHLIST,4,Power Users,4.2752407914294865,-1.5103187113967327
C006,0.0001141326945867332,STABLE,1,Irregular Users,3.7044185469748414,3.4786283025901867
C007,0.5808777860794851,WATCHLIST,2,Fading Engagement,0.8541175909311766,-2.9413381127897273
C008,0.5723928940875738,WATCHLIST,3,Low Activity,-4.273698474320362,-0.41116111562781954
C009,0.020473425909648475,STABLE,4,Power Users,4.620747112364869,0.27290630388350606
C010,0.5430661645087459,WATCHLIST,0,Core Engaged,-2.222010495411094,-0.492180859752099
C011,0.18927601396496802,STABLE,0,Core Engaged,-0.033248782042389256,1.1597319559042463
C012,0.1857179331729023,STABLE,0,Core Engaged,0.2104738551161315,0.24167150849880772
C013,0.006989222434466853,STABLE,4,Power Users,4.545523677475616,0.473937762134386
C014,0.8119204000915794,CRITICAL,3,Low Activity,-4.313320054622237,-0.5612379227133856
C015,0.34886711908811924,WATCHLIST,3,Low Activity,-2.648024923346733,0.9895986891025793
C016,0.3871799187351456,WATCHLIST,4,Power Users,6.788419247461321,-1.8895361731897946
C017,0.4517188626092287,WATCHLIST,3,Low Activity,-4.604782475929103,0.49627365420297936
C018,0.05090581833668047,STABLE,4,Power Users,4.214762002239112,0.17866725841678185
C019,0.7062921032585752,AT RISK,3,Low Activity,-5.011791613650249,-0.22085268608221317
C020,0.3755031155505631,WATCHLIST,3,Low Activity,-3.559709586562123,0.5015430497674308
C021,0.24677907776684216,STABLE,4,Power Users,4.264434730854278,0.20030297667418992
C022,0.6221034278381684,AT RISK,0,Core Engaged,-1.0374359215191995,-1.039764079811252
C023,0.0450935654877298,STABLE,0,Core Engaged,-1.7022872657332166,1.960346282956312
C024,0.19462118857089594,STABLE,2,Fading Engagement,0.7089157304891464,-0.22741684822240435
C025,0.009428515302364065,STABLE,1,Irregular Users,2.7126434774134855,2.2082602381708303
C026,0.1972943260615633,STABLE,4,Power Users,5.403147866578679,-0.24493298405257777
C027,0.9572717108446306,CRITICAL,3,Low Activity,-4.134052341177637,-0.4071094007004796
C028,3.326719863194875e-05,STABLE,1,Irregular Users,3.761712645975938,5.041854216642898
C029,0.1317147240193675,STABLE,0,Core Engaged,-1.68979823278736,-0.4294048520978492
C030,0.9956041637461281,CRITICAL,2,Fading Engagement,2.871553385554057,-4.512827106611338
C031,0.7721553696566342,AT RISK,2,Fading Engagement,3.025999683157558,-1.257680848243867
C032,0.018158729916511237,STABLE,2,Fading Engagement,0.9885211471895375,-0.33800943910960607
C033,0.8614682874527734,CRITICAL,3,Low Activity,-5.096352258026247,0.011706042045647014
C034,0.7372768102733581,AT RISK,0,Core Engaged,-0.5226401364390285,-1.305138743520151
C035,0.5504068636423843,WATCHLIST,3,Low Activity,-3.140830117101334,0.15211953173042755
C036,0.21878810262630755,STABLE,0,Core Engaged,-1.23367134028309,0.3729449335003442
C037,0.9534658020834975,CRITICAL,2,Fading Engagement,3.1252246844959464,-2.8409361335714816
C038,0.5661665033738084,WATCHLIST,3,Low Activity,-4.701218470408389,0.21308346158438962
C039,0.16007663430120375,STABLE,0,Core Engaged,0.16597491517210158,1.1398821934776107
C040,0.00019528661930953578,STABLE,1,Irregular Users,2.5924698049645585,4.758656356342547
C041,0.9449284287458127,CRITICAL,0,Core Engaged,-0.827076022138008,-1.5385053296380218
C042,0.8170124595985698,CRITICAL,3,Low Activity,-3.082660733003198,1.0326476104262161
C043,0.7349131452586701,AT RISK,2,Fading Engagement,2.98697256605186,-0.8137223568682175
C044,0.9467986268098504,CRITICAL,0,Core Engaged,-1.053117840381355,-0.9800256467683379
C045,0.43857573932059724,WATCHLIST,3,Low Activity,-4.851128265479232,0.7984667739403016
C046,0.647614991018815,AT RISK,3,Low Activity,-5.2741641422677015,0.5821191280664342
C047,0.31100003548504745,WATCHLIST,2,Fading Engagement,0.8267815871665407,-1.4308409882674886
C048,0.0008987433262856402,STABLE,4,Power Users,7.1344042069870275,0.8761365040812145
C049,0.0003918441068728427,STABLE,1,Irregular Users,5.046086524779824,3.8190491800581823
C050,0.25750024250581993,STABLE,0,Core Engaged,-1.5925695316783932,-0.7843274646313584
C051,0.9166657055795645,CRITICAL,2,Fading Engagement,1.0711427201555928,-1.3157010558163296
C052,0.20259058263122204,STABLE,4,Power Users,5.2985286588178075,-0.824727898140733
C053,0.3727282253277017,WATCHLIST,3,Low Activity,-3.1838866751806516,0.44193504132485273
C054,0.011876670812468116,STABLE,4,Power Users,4.923004253331178,-0.9296722851278355
C055,0.007079304788741191,STABLE,4,Power Users,5.6450041141986596,1.4860354908667002
C056,0.6392566891514107,AT RISK,3,Low Activity,-4.30407114002699,1.0954174309252218
C057,0.6135289982995805,AT RISK,3,Low Activity,-5.168588768186023,1.174171684201787
C058,0.6419750235912292,AT RISK,3,Low Activity,-4.607492449483372,-0.10599314169273807
C059,0.7680374630256362,AT RISK,2,Fading Engagement,2.4667538441708636,-0.943593399331247
C060,0.3572380475759391,WATCHLIST,2,Fading Engagement,0.9970897500552742,-0.24085550139566902
C061,0.009359887507694674,STABLE,4,Power Users,4.5914994859529985,1.6042342703791863
C062,0.8339328495178684,CRITICAL,2,Fading Engagement,1.7720891312208162,-1.574866995696882
C063,0.708647900617775,AT RISK,3,Low Activity,-3.508116168259569,-0.491439687636099
C064,0.15021948003261568,STABLE,2,Fading Engagement,2.555333423973904,-1.0916177190862024
C065,0.6818282585822699,AT RISK,3,Low Activity,-4.606403292496583,-0.3587273703632078
C066,0.3700019570579895,WATCHLIST,3,Low Activity,-4.376272492835734,-0.03369153844486854
C067,0.2713447750814468,STABLE,0,Core Engaged,-0.10426795962185918,0.29208991461892486
C068,0.6734567031709514,AT RISK,3,Low Activity,-4.8259328603429354,0.6434962091378377
C069,0.024063719140547037,STABLE,1,Irregular Users,2.2366379801780494,1.867439322108503
C070,0.9159314378240841,CRITICAL,3,Low Activity,-4.646853452151426,-1.3583593267670078
C071,0.9878151074471136,CRITICAL,2,Fading Engagement,1.0265023565253588,-6.0854743408427385
C072,0.7154885800723744,AT RISK,3,Low Activity,-5.187298812553025,1.0857380664781295
C073,0.5084932338661899,WATCHLIST,3,Low Activity,-3.705090009054797,0.19119021660688174
C074,0.07283029190127147,STABLE,1,Irregular Users,1.4082128873611202,1.3088035238958917
C075,0.14607315352502112,STABLE,4,Power Users,4.871923789574083,0.39200819758597366
C076,0.004884443705932219,STABLE,4,Power Users,5.827960024575461,-0.19982052322183666
C077,0.24531718650945744,STABLE,0,Core Engaged,-2.3846885192939093,0.6850800288194901
C078,0.004726024479265939,STABLE,4,Power Users,6.000041118797354,1.6951031525608982
C079,0.6360633672579187,AT RISK,3,Low Activity,-3.8503713673704487,-0.6005924725225026
C080,0.5961818943593074,WATCHLIST,3,Low Activity,-3.99609549375879,1.7582278442076953
C081,0.2232776965619436,STABLE,0,Core Engaged,-0.1616308572531705,0.8295049538104026
C082,0.8375461185432596,CRITICAL,3,Low Activity,-4.726144484422718,-0.6829866147296795
C083,0.7999215178198261,AT RISK,3,Low Activity,-4.934790494933354,0.282674996984758
C084,0.16163319374647656,STABLE,4,Power Users,3.979048084762076,-0.7499738201778476
C085,0.020793993820933443,STABLE,4,Power Users,7.010301938484478,1.036044279535665
C086,0.002292073681309947,STABLE,1,Irregular Users,2.787430035974681,3.403707972284269
C087,0.4859510295586501,WATCHLIST,0,Core Engaged,-1.8094943927154772,-1.1513814351310467
C088,0.706803858167954,AT RISK,0,Core Engaged,-1.7638259156583276,-0.9329716940834258
C089,0.004251889985361912,STABLE,4,Power Users,6.4479452227397065,2.280651469324568
C090,0.5738815912137764,WATCHLIST,3,Low Activity,-2.7852936249287388,0.09947147506267677
C091,0.42200007442158116,WATCHLIST,0,Core Engaged,-0.7698301017484873,-1.349650036942424
C092,0.4884365257177761,WATCHLIST,0,Core Engaged,-1.4221108529954383,0.46684155557145635
C093,0.3852528808740065,WATCHLIST,3,Low Activity,-2.7920046987879648,0.2992787972100747
C094,0.9467390845205775,CRITICAL,0,Core Engaged,-2.1196609971189644,-3.063526158458575
C095,0.9725026287863194,CRITICAL,0,Core Engaged,-2.403480165728115,-3.7716700865210613
C096,0.7841460946044132,AT RISK,3,Low Activity,-3.820265342541333,-0.8020609484278345
C097,0.3974633646590945,WATCHLIST,3,Low Activity,-3.2968897401798687,0.7651566457578721
C098,0.24631811889987773,STABLE,2,Fading Engagement,1.3192132976227047,0.44512569728934576
C099,0.635051585786898,AT RISK,0,Core Engaged,-1.4216541839198125,0.3150877916284268
C100,0.9447316079052174,CRITICAL,0,Core Engaged,-0.17667637965029448,-3.7171551471530577
C101,0.6052881609845372,AT RISK,0,Core Engaged,-0.4067292391291017,-0.2691227595680025
C102,0.25810923913465006,STABLE,2,Fading Engagement,1.0352406262235414,-1.071976497185207
C103,0.003177669139448427,STABLE,1,Irregular Users,3.1480966859539175,1.8171391884684551
C104,0.4012790323619496,WATCHLIST,0,Core Engaged,-0.60673797073147,-1.1012410913457948
C105,0.27628369327915897,STABLE,0,Core Engaged,-0.546762163253895,-1.904269112254196
C106,0.5290116417682017,WATCHLIST,0,Core Engaged,-0.39280581700741224,-0.8869203104066343
C107,0.3999044960278692,WATCHLIST,3,Low Activity,-3.13410817774241,1.1874550087586178
C108,0.7489891577212807,AT RISK,2,Fading Engagement,2.538843576268769,-0.47123928573841595
C109,0.0007191259186104924,STABLE,1,Irregular Users,3.1841745115512063,3.1553901639449156
C110,0.03367653830912692,STABLE,4,Power Users,3.7540100909906076,1.157321846183339
C111,0.47115376886854193,WATCHLIST,3,Low Activity,-3.743774465508781,0.7639078860847407
C112,0.025072395461850375,STABLE,4,Power Users,4.532175017915215,0.13291219563772141
C113,0.9907033916200138,CRITICAL,0,Core Engaged,-1.309200879450055,-3.3863372738933597
C114,0.8145058653586921,CRITICAL,3,Low Activity,-2.7752515918235585,-1.606786927403262
C115,0.9204022782199829,CRITICAL,2,Fading Engagement,3.4894222824481402,-4.01395617636657
C116,0.40064654308218706,WATCHLIST,3,Low Activity,-2.925583996456823,2.0641869484209208
C117,0.6389892411280257,AT RISK,2,Fading Engagement,2.347989349861684,-0.4074201506254192
C118,0.7695123747513108,AT RISK,2,Fading Engagement,0.8819337133953713,-1.4153713105960493
C119,0.3937242568801,WATCHLIST,0,Core Engaged,-1.300086904725073,1.0173735310903211
C120,0.6478176439885838,AT RISK,0,Core Engaged,-1.179497860612625,-0.870395018714786
C121,0.8421659752924183,CRITICAL,0,Core Engaged,-1.853045495620406,-1.1351431126211278
C122,0.17614027359896048,STABLE,2,Fading Engagement,3.4121962070657457,-0.6866995164050266
C123,0.023474227703488185,STABLE,0,Core Engaged,0.2298034092444394,1.23792339586157
C124,0.1776241906186473,STABLE,0,Core Engaged,-0.7324683136915876,-1.384569032951231
C125,0.3308527209585287,WATCHLIST,2,Fading Engagement,2.9930055615486264,-1.7916515912030488
C126,0.22095384497611634,STABLE,0,Core Engaged,-1.5112446397054395,0.4079906461909443
C127,0.9838552012008515,CRITICAL,3,Low Activity,-3.819627607758865,-1.8448848439753414
C128,0.5089822420272492,WATCHLIST,2,Fading Engagement,1.3034037756064738,-0.17196300178754853
C129,0.07673939610748916,STABLE,0,Core Engaged,-0.40396694712197045,1.447052814911172
C130,0.7960021428060102,AT RISK,3,Low Activity,-3.0787245738537217,0.1673864034492375
C131,0.9190512571982576,CRITICAL,2,Fading Engagement,3.9442858080168213,-2.546555765481925
C132,0.05269418578638393,STABLE,0,Core Engaged,-1.145089805274666,3.0646250993897732
C133,0.6803255344966276,AT RISK,3,Low Activity,-4.606529630429691,0.06648271039190763
C134,0.9865900986018408,CRITICAL,0,Core Engaged,-1.2866939498505545,-4.828030386162418
C135,0.767134423047805,AT RISK,3,Low Activity,-3.945981499620175,-0.14309538842394
C136,0.07497680206856512,STABLE,2,Fading Engagement,1.2262885051527308,0.1548714997743166
C137,0.14526260863484655,STABLE,1,Irregular Users,2.6267615822857486,1.8890740038959224
C138,0.9932803362019275,CRITICAL,0,Core Engaged,-2.383740183917658,-2.5644941994668065
C139,0.5531729910176315,WATCHLIST,3,Low Activity,-4.2371835504064155,1.0285458401525127
C140,0.7932382345769416,AT RISK,2,Fading Engagement,1.4669711444579916,-0.6506593409454958
C141,0.7069689457812598,AT RISK,0,Core Engaged,-0.21077249344513596,-1.7377360040708305
C142,0.865951148405505,CRITICAL,3,Low Activity,-5.111694597447041,-0.4698082405825677
C143,0.35075545126595564,WATCHLIST,0,Core Engaged,-0.8693311137288637,0.7391489582116135
C144,0.6063594479331488,AT RISK,3,Low Activity,-3.8500927953022486,0.9509993539668482
C145,0.9531093739524357,CRITICAL,3,Low Activity,-4.6850518413257065,-0.8298859338390778
C146,0.030777924201726797,STABLE,4,Power Users,6.382127548575607,0.12594601642698497
C147,0.6044683931567844,AT RISK,3,Low Activity,-4.907214921806267,1.1501290512374813
C148,0.701980096023839,AT RISK,3,Low Activity,-4.773256495811977,0.5724442906485001
C149,0.689912553831634,AT RISK,0,Core Engaged,-0.0611874635222929,-1.2963245027418573
C150,0.28843144283507477,STABLE,2,Fading Engagement,2.993374653507523,-0.6969498431829414
C151,0.5643226647609266,WATCHLIST,3,Low Activity,-5.124240957918647,0.8180595955765331
C152,0.011146612937414379,STABLE,1,Irregular Users,0.6436587373980402,3.1114753976366614
C153,0.8197742835995847,CRITICAL,2,Fading Engagement,3.0080847335696945,-1.4251009086515383
C154,0.6775210003636115,AT RISK,3,Low Activity,-4.618151929488476,0.15706255504627234
C155,0.019443278789771357,STABLE,4,Power Users,3.958079478860502,0.8143115002446596
C156,0.5557406998056296,WATCHLIST,2,Fading Engagement,2.173269385954439,-0.44003705867289256
C157,0.13788033135237568,STABLE,4,Power Users,5.2276375561348845,1.8776446897386785
C158,0.12434791080644154,STABLE,2,Fading Engagement,1.7962968312289433,-1.3345566256314554
C159,0.08418311265461911,STABLE,2,Fading Engagement,3.184578961632367,-0.18387816848432392
C160,0.0792251513433636,STABLE,1,Irregular Users,2.201418846917473,1.2075951893764907
C161,0.3812049521019984,WATCHLIST,0,Core Engaged,0.7178737372349604,0.7563047765944183
C162,0.02040580991210834,STABLE,3,Low Activity,-2.5267569755441754,2.3666019897398503
C163,0.024537024213639853,STABLE,1,Irregular Users,0.14295850956874728,1.6596330889318132
C164,0.9091192860008303,CRITICAL,2,Fading Engagement,2.2399769531839637,-1.5947180752108483
C165,0.25825533185079547,STABLE,3,Low Activity,-3.9710218723118365,1.3322574640201112
C166,0.6093460188244376,AT RISK,2,Fading Engagement,0.8293335016327408,-1.128409215330734
C167,0.47299791174896955,WATCHLIST,3,Low Activity,-4.05204949246802,0.9146918555018323
C168,0.18383917519035628,STABLE,3,Low Activity,-3.067944854825377,0.6799180492602402
C169,0.4401292778237503,WATCHLIST,0,Core Engaged,-2.245670079019024,-0.3923344395805792
C170,0.7209748586379191,AT RISK,0,Core Engaged,-0.8822911796312644,-1.1506396489529738
C171,0.7601160264710624,AT RISK,4,Power Users,4.273736962916553,-1.2352934216080782
C172,0.7470312381862366,AT RISK,0,Core Engaged,-2.3046774983198888,-0.49651942801723037
C173,0.8846292636931697,CRITICAL,0,Core Engaged,-1.1936462883874064,-1.475752096270045
C174,0.3419136415118468,WATCHLIST,0,Core Engaged,-0.9018890357978337,-0.6030632211983527
C175,0.0009076555949332606,STABLE,1,Irregular Users,2.764489474354986,3.2497719854007263
C176,0.0024707023511216838,STABLE,1,Irregular Users,1.3765135206308672,2.292393275036212
C177,0.8892051615683392,CRITICAL,0,Core Engaged,-1.8688320110624925,-1.095016943374669
C178,0.04266019962542807,STABLE,1,Irregular Users,1.8126923338018084,1.985140165562121
C179,0.028286866722748865,STABLE,0,Core Engaged,-1.6497537598455236,2.2979578496473416
C180,0.2479558469820941,STABLE,1,Irregular Users,2.7348129216344295,0.5252127138782543
C181,0.2689183308412894,STABLE,0,Core Engaged,0.1129726455651904,0.71665587092024
C182,0.6814611807538491,AT RISK,0,Core Engaged,-0.6664863529776299,0.9368825929303326
C183,0.7860736752788363,AT RISK,0,Core Engaged,-1.5019241889274833,-1.3343577617931972
C184,0.48616941020854015,WATCHLIST,0,Core Engaged,-0.9903081685629997,-0.8118740651920074
C185,0.2799656785725157,STABLE,4,Power Users,6.354435300109497,-0.8165918436042215
C186,0.9399856257418618,CRITICAL,0,Core Engaged,-0.866979274386543,-2.5271406342132994
C187,0.6978589141237296,AT RISK,0,Core Engaged,0.04970361761170236,-1.191516088731274
C188,0.0630487298976043,STABLE,1,Irregular Users,3.825507787196354,2.3430201895088514
C189,0.37094314233809833,WATCHLIST,4,Power Users,4.344050922629847,-0.8129387332098196
C190,0.1565405249133072,STABLE,4,Power Users,3.728827970449738,0.8901125395520649
C191,0.32066928598040984,WATCHLIST,0,Core Engaged,-2.181044295444756,1.432933641614926
C192,0.002624896968172978,STABLE,4,Power Users,5.934549085950447,2.4416050157982077
C193,0.25833613546026196,STABLE,2,Fading Engagement,3.5259117603099237,-0.5614236158729641
C194,0.8896459794949884,CRITICAL,3,Low Activity,-5.82671645860207,0.8703875932900629
C195,0.09810878116429114,STABLE,1,Irregular Users,2.106051323741143,1.4728835687737323
C196,0.25865415812608755,STABLE,0,Core Engaged,0.4340277560448898,-0.36245185387000484
C197,0.6127103744574698,AT RISK,3,Low Activity,-3.475820148392663,0.5465411630251084
C198,0.9124853970914051,CRITICAL,3,Low Activity,-4.916979322898943,1.4606170438722854
C199,0.41210647432428055,WATCHLIST,2,Fading Engagement,3.5583637636457093,-1.3743943541768329
C200,0.6336865467279535,AT RISK,0,Core Engaged,-0.9592250247607755,-0.3737071015213185
C201,0.003064023761085748,STABLE,4,Power Users,5.152548125310267,1.7596340744741616
C202,0.011224406940096224,STABLE,4,Power Users,3.9367493753155913,0.7401683524269141
C203,0.9087301563919745,CRITICAL,3,Low Activity,-3.4333022404739686,-0.7488565939880041
C204,0.154107135330812,STABLE,0,Core Engaged,0.28159103690551124,-1.0658893597244479
C205,0.002529440979567603,STABLE,4,Power Users,5.587466470144782,1.8130722915870379
C206,0.7612224070377057,AT RISK,4,Power Users,4.78185151993826,-0.8638701830463458
C207,0.08017378225292095,STABLE,4,Power Users,4.71091626465666,1.488986696161197
C208,0.1691242647020183,STABLE,2,Fading Engagement,2.3734147784423607,-1.3950662008510941
C209,0.00385671463643487,STABLE,1,Irregular Users,3.531078776416501,1.4970785814869594
C210,0.6815961410924006,AT RISK,3,Low Activity,-4.7937722426140335,0.2671802713163774
C211,0.82092168370879,CRITICAL,4,Power Users,5.9285007466731825,-2.081973604623839
C212,0.821497214233633,CRITICAL,0,Core Engaged,-2.5266503504444175,-2.5719445067460684
C213,0.23583887610413815,STABLE,1,Irregular Users,2.5677767980652457,0.7440800613600321
C214,0.2593435244533097,STABLE,3,Low Activity,-4.384246091866346,1.1012764647799698
C215,0.34938443461468227,WATCHLIST,2,Fading Engagement,2.5891437939918434,-0.7508815953958161
C216,0.7033796253504594,AT RISK,4,Power Users,5.0014261178445105,-1.4605968569824899
C217,0.004626521250831241,STABLE,4,Power Users,6.655718738796386,1.8764434987009024
C218,0.6239471620795326,AT RISK,2,Fading Engagement,1.2350191733001887,-0.8823947763165008
C219,0.44836851169549063,WATCHLIST,2,Fading Engagement,2.6550923663512465,-0.6234437135197577
C220,0.48158347036756355,WATCHLIST,0,Core Engaged,-1.4062217914891095,-1.582295415615695
C221,0.17928140423638264,STABLE,2,Fading Engagement,1.320415196979358,0.19004376661184308
C222,0.8943705335077623,CRITICAL,0,Core Engaged,-0.79898900681366,-1.1699503012076329
C223,0.2931999411000275,STABLE,2,Fading Engagement,2.6399263500396706,0.3292836998086647
C224,0.1282820888111312,STABLE,2,Fading Engagement,2.834482728124345,0.5244468534772069
C225,0.010724104559515602,STABLE,4,Power Users,6.263580501622069,0.8407851472218133
C226,0.9527552681846985,CRITICAL,2,Fading Engagement,0.12817699424059584,-2.352556122166485
C227,0.9077062736216891,CRITICAL,4,Power Users,5.36145835206916,-2.9745556116085368
C228,0.8207451503002251,CRITICAL,0,Core Engaged,-2.2473048639937967,-1.3015428552336958
C229,0.7173215761699439,AT RISK,3,Low Activity,-4.009464854609863,-0.03982386932838411
C230,0.827170263452686,CRITICAL,0,Core Engaged,-0.2056016943094177,-2.3320937568825264
C231,0.0686976587757988,STABLE,4,Power Users,4.723341821056785,-1.0074382731178269
C232,0.7254199430454846,AT RISK,3,Low Activity,-2.8924585230354314,-0.6764122793414526
C233,0.22681631057383295,STABLE,2,Fading Engagement,2.026922001519402,0.47986218446078566
C234,0.8251500634022336,CRITICAL,3,Low Activity,-4.504587754079391,0.17170057370521513
C235,0.05948901164734378,STABLE,0,Core Engaged,-1.743717121997407,1.6499467309090243
C236,0.971572317251897,CRITICAL,3,Low Activity,-3.2536716239968095,-1.7286245699510265
C237,0.8084467187876238,CRITICAL,3,Low Activity,-5.286506871876008,0.7251614093441353
C238,0.2605189416678127,STABLE,3,Low Activity,-3.1844339523675913,0.778364988526791
C239,0.8466219379689988,CRITICAL,2,Fading Engagement,3.005183669223706,-2.290601527277511
C240,0.003577064667085616,STABLE,1,Irregular Users,4.012693082830469,2.578197011897886
C241,0.39204429652567374,WATCHLIST,3,Low Activity,-3.388748204906578,1.8893255015578152
C242,0.09188961204351218,STABLE,3,Low Activity,-3.9230050346138268,1.08531522689845
C243,0.0037489009911931908,STABLE,1,Irregular Users,2.960459117263363,1.5111158120065553
C244,0.3570449768807652,WATCHLIST,3,Low Activity,-4.540774140039904,0.5155730895690848
C245,0.8177272604653677,CRITICAL,3,Low Activity,-4.6148364810862885,0.5008985982949242
C246,0.44578046279218764,WATCHLIST,3,Low Activity,-3.2775356857447853,1.1682383067231266
C247,0.6145316845152005,AT RISK,3,Low Activity,-4.215067115409805,0.5693696740590417
C248,0.3201331392650768,WATCHLIST,0,Core Engaged,-1.8696789457461085,-0.9601165242967116
C249,0.003127046294093258,STABLE,1,Irregular Users,2.299983806336488,2.9646726854479772
C250,0.45814965967297017,WATCHLIST,0,Core Engaged,-1.0187859613776538,-0.4578085924980442
C251,0.4837333424269192,WATCHLIST,0,Core Engaged,-0.3601039204900487,1.0316092038095148
C252,0.9583217669742802,CRITICAL,3,Low Activity,-5.154481956894155,0.34339209764992534
C253,0.22828450978520445,STABLE,2,Fading Engagement,1.294228332101524,-0.3949720776332344
C254,0.7753329114879893,AT RISK,0,Core Engaged,-1.718124490810608,-1.40210450080395
C255,0.016594470535202393,STABLE,1,Irregular Users,2.807754063216448,2.9321855758343123
C256,0.7178381905604835,AT RISK,0,Core Engaged,-1.4076703311040824,-0.5641064015748772
C257,0.6863609862401724,AT RISK,3,Low Activity,-3.191791040531777,0.609179955382441
C258,0.10427193013260305,STABLE,0,Core Engaged,-1.9899607300322002,0.2251974648824727
C259,0.12260418525016274,STABLE,4,Power Users,5.7780768147796415,1.194083518295489
C260,0.7658369307058374,AT RISK,3,Low Activity,-3.591857352709914,-0.5288344644888094
C261,0.2937933562675621,STABLE,2,Fading Engagement,1.9097316742971167,-0.1410479333315386
C262,0.7297185556255262,AT RISK,3,Low Activity,-5.2879847219030385,0.701778643290892
C263,0.6738614666859425,AT RISK,3,Low Activity,-4.898568684689655,1.4453502925618293
C264,0.6630546288583241,AT RISK,2,Fading Engagement,4.125209527520559,-3.1711289538047733
C265,0.6961501740720308,AT RISK,2,Fading Engagement,0.9344775126237082,-1.7315950139366325
C266,0.023867238811693208,STABLE,4,Power Users,6.280613776599767,-1.1611966623642116
C267,0.07766465386596876,STABLE,4,Power Users,4.4629368008484605,0.18714540709918076
C268,0.9944768929582425,CRITICAL,2,Fading Engagement,2.57504737626621,-4.145345764072329
C269,0.5694984599074013,WATCHLIST,0,Core Engaged,0.1708556624365787,-0.9854782742088565
C270,0.04306337430255569,STABLE,2,Fading Engagement,1.101807222153079,0.6457847419683319
C271,0.005942503314420064,STABLE,1,Irregular Users,2.8746200624258105,2.344770106715888
C272,0.8357959636931335,CRITICAL,2,Fading Engagement,1.272734086304233,-2.0321984353905473
C273,0.03720179510455972,STABLE,4,Power Users,5.270525195667733,-1.9080163844738025
C274,0.7780514963974154,AT RISK,3,Low Activity,-4.35915187455156,0.26416931091230705
C275,0.04888045387530469,STABLE,0,Core Engaged,-0.18835143929833922,1.2214799385133426
C276,0.025732971455403517,STABLE,1,Irregular Users,0.18577874578942322,1.9090570917226317
C277,0.31611827197240244,WATCHLIST,0,Core Engaged,-2.3055298488927507,0.23237455806508048
C278,0.8132282880491739,CRITICAL,3,Low Activity,-3.5522701571226745,-0.5210397988379007
C279,0.25253733560452807,STABLE,3,Low Activity,-4.800363434816005,1.3402167500246032
C280,0.596149188292019,WATCHLIST,3,Low Activity,-3.9976150429788886,0.7563417726038474
C281,0.0004447313840719949,STABLE,1,Irregular Users,0.5776484261534269,3.9377027895668673
C282,0.010534351849060649,STABLE,1,Irregular Users,0.9592573584410009,2.926601034267696
C283,0.8972446692517313,CRITICAL,2,Fading Engagement,2.993794239887657,-2.722360796017959
C284,0.5548329887591105,WATCHLIST,2,Fading Engagement,0.4340128888525627,-0.4294694412141449
C285,0.7986666765188208,AT RISK,3,Low Activity,-4.2774676920782975,0.02866264446031792
C286,0.8900893284986029,CRITICAL,3,Low Activity,-5.257449934171208,1.046035567234188
C287,0.7074566571685581,AT RISK,2,Fading Engagement,3.573862907558558,-1.8333136595302086
C288,0.6241699901322327,AT RISK,3,Low Activity,-5.437922525660359,0.2691463090051622
C289,0.18875721504483126,STABLE,0,Core Engaged,-0.47829663902789377,-0.4458400488828525
C290,0.7885362233546666,AT RISK,2,Fading Engagement,3.0767845477649294,-2.1355952140465426
C291,0.5763891740515088,WATCHLIST,3,Low Activity,-4.5075829930772215,-0.09016621178992512
C292,0.028783577092984448,STABLE,2,Fading Engagement,1.77110046693366,0.7782601395676133
C293,0.09931160058958984,STABLE,0,Core Engaged,-0.4855091121474961,1.3423869015975953
C294,0.14704635004409222,STABLE,2,Fading Engagement,1.2205417120456077,0.7407049544036309
C295,0.42707771817943263,WATCHLIST,3,Low Activity,-2.7422729885339563,0.5677636676241514
C296,0.08954630704695232,STABLE,0,Core Engaged,-1.812654169314248,2.47908896876915
C297,0.28251293236962277,STABLE,0,Core Engaged,-1.0213740967486775,0.24269892849052382
C298,0.4651641949259607,WATCHLIST,3,Low Activity,-4.271590268058441,1.6056547875268519
C299,0.06195193505544739,STABLE,4,Power Users,7.770838951861694,-0.07200850521410254
C300,0.2587515930023077,STABLE,0,Core Engaged,-1.2247758524824621,0.46962723206128043
